epoch,train_mse,val_mse,val_mae
1,0.5722550408054091,0.32306803419589997,0.45017800164222715
2,0.18944676242439834,0.2714475430250168,0.41404963126182553
3,0.15234261174487848,0.21777421419620513,0.3626028378486633
4,0.11947291458518147,0.18163936924934387,0.3310910077571869
5,0.09821378531950907,0.21037343034744263,0.3622262318134308
6,0.08433593271309592,0.165003862285614,0.3195224507331848
7,0.0757388733012105,0.10302427809238433,0.2441189220905304
8,0.06716879464969538,0.08909315291643143,0.2249095248222351
9,0.06029408129714093,0.1966317019701004,0.3706634051322937
10,0.05613907675011118,0.0761741955935955,0.20675353441238403
11,0.05233031148748836,0.07506842945218087,0.2056660135269165
12,0.048690059213079596,0.0782091512799263,0.21275831615924834
13,0.04576870992987725,0.0876266003727913,0.23025605211257935
14,0.04364664089378511,0.06475001360774041,0.19190718760490416
15,0.04102614199200894,0.06578485466241836,0.19651784639358522
16,0.038812594589940484,0.06284709118008613,0.19175400705337525
17,0.03656216511148538,0.07087129505872726,0.20953307404518126
18,0.03502720554830948,0.05479395472407341,0.17847240121364594
19,0.03294766729607017,0.055755879068374634,0.18120744647979736
20,0.03175667099159699,0.04420576172471046,0.15861215038299561
21,0.030360124926088125,0.04644663754105568,0.16405170936584473
22,0.02934131261994773,0.04223642899394035,0.15722093663215636
23,0.027687166946381243,0.04468657612800598,0.16171813609600066
24,0.026391744755357126,0.03952693884670734,0.15114115178585052
25,0.025570417157909354,0.04747120131254196,0.16776687943935395
26,0.024618888476400005,0.06251899873614311,0.19820035626888274
27,0.02377667870722808,0.04550307509303093,0.1661915471315384
28,0.022789716833829462,0.03498964093327522,0.14221987566947936
29,0.02199737050403637,0.03481654604971409,0.14220195050239562
30,0.0210287011883867,0.03640596400201321,0.14458567628860475
31,0.02053491023067404,0.035627908208966254,0.1453974187374115
32,0.019575463207222882,0.031869196182489394,0.13767837052345275
33,0.0193955466210933,0.03704872193336487,0.15082923583984376
34,0.01840011477661316,0.0288362402677536,0.12915478954315185
35,0.018065141965004597,0.03654669671654701,0.1472348804950714
36,0.017262452426553016,0.032829305467009545,0.1418026614189148
37,0.016648932979361382,0.029466900900006296,0.133248481631279
38,0.016346234620778298,0.024777299103140832,0.11985340504646301
39,0.01584443788211771,0.027349788290262224,0.12625679137706758
40,0.015477092996591045,0.02757733753621578,0.12747815616130828
41,0.014959834440563497,0.025111454805731775,0.12021515259742736
42,0.014374183432941499,0.024317507100105287,0.11894904623031616
43,0.014188046894064124,0.04237576738595963,0.1637049554824829
44,0.013944476457867592,0.029837465086579324,0.13411641850471498
45,0.01349819502729347,0.022954534143209457,0.11621915454864502
46,0.013224592820888063,0.022776972007751466,0.1153712072610855
47,0.012829265977644382,0.02152380031943321,0.1117123101234436
48,0.012576394476120321,0.021570909717679023,0.11066312239170074
49,0.012220256696819328,0.025428622387349605,0.12433540313243865
50,0.012258239059241994,0.03211594199836254,0.14236514439582826
51,0.011759799890088202,0.02348277690410614,0.11689378905296326
52,0.011525812007864556,0.022025141298770905,0.11400932538509369
53,0.011234460632059793,0.019977671609818934,0.10708141396045685
54,0.011027395837826406,0.02187229768037796,0.11320482633113861
55,0.010771551871814503,0.02040599523484707,0.10893269569873809
56,0.01062945967561976,0.018878756611049177,0.10456117587089539
57,0.01046613803993559,0.019684904332458973,0.1059497771024704
58,0.01031647350928608,0.01953678582906723,0.10572096254825591
59,0.010083197524867209,0.01716589324325323,0.09955583789348603
60,0.010102778744144473,0.018329034335911275,0.10194970288276672
61,0.009810528704103604,0.018202657532691957,0.10264563388824463
62,0.009604358803115833,0.01747221936285496,0.10061094815731049
63,0.009370453279425303,0.018138734245300294,0.1020414270401001
64,0.009373661637095599,0.020350525537133218,0.10853791890144349
65,0.009232578703736685,0.01665241604745388,0.09828356022834778
66,0.009120730087184928,0.017340607586503028,0.0993695693731308
67,0.008818073845682362,0.01645366586893797,0.09748174891471863
68,0.008841939497812486,0.021423026075959205,0.11414631474018097
69,0.008615197239595437,0.016193959172070026,0.0959348593711853
70,0.008540762945193663,0.018035937318205835,0.10186769289970397
71,0.008490962908230733,0.015330249452590943,0.093640065741539
72,0.008501704274062433,0.015464336447417735,0.09332958099842072
73,0.008312149596930466,0.018775416687130928,0.10322641870975495
74,0.00825377998970916,0.015592108906805515,0.09419300467967986
75,0.007862983051230486,0.014805598144233227,0.09085973968505859
76,0.007905374087223945,0.015778493747115135,0.09407819080352783
77,0.007841385997177019,0.01684495780020952,0.1000862019777298
78,0.007659502459311819,0.017085080271959305,0.10052783803939819
79,0.007676533143306067,0.015204621677100658,0.09389480473995208
80,0.007604711748254716,0.015546779465675354,0.09445989181995391
81,0.007345941209191417,0.01893219851255417,0.10351848328113555
82,0.007450189569858471,0.01475104406774044,0.09159626085758209
83,0.0073498051516118655,0.013873644764721393,0.08806480705738068
84,0.007252214800875769,0.015680215148627757,0.09535725793838501
85,0.007111310547602605,0.017007631939649583,0.09786083869934083
86,0.007093497485219307,0.014933251199126243,0.09252017886638642
87,0.006890433278362708,0.014975672870874404,0.0915776738166809
88,0.007014995502111833,0.014678349705040455,0.0914486445426941
89,0.006734783684625954,0.015434752675890923,0.09372772693634034
90,0.00673185674558649,0.014602662916481495,0.09130188372135162
91,0.006639424902745313,0.013336531881988049,0.08688999404907227
92,0.006593560399675256,0.012942946606129407,0.08541182112693786
93,0.006556036665710386,0.015147069890797138,0.09414497973918914
94,0.006531042102418777,0.014031428679823875,0.08914827611446381
95,0.006500729971683226,0.015207410073280334,0.0951101981639862
96,0.006286483116299292,0.013993285964429378,0.08924305517673492
97,0.006274532454481746,0.013345065136253834,0.0868462692975998
98,0.006353415255147131,0.013633400438725948,0.08754385604858399
99,0.006426725929765311,0.016498603250086306,0.09339755222797394
100,0.0061524359612429545,0.013502453514933586,0.08644884834289551
101,0.0062679079322446075,0.013474682953953742,0.08802307131290436
102,0.005940035051817448,0.013458629491180181,0.08745977694988251
103,0.0059923834909438685,0.014675450885295867,0.09237327799797058
104,0.005885257211059185,0.013484756298363208,0.08699134497642518
105,0.00597042799319541,0.014214360238611699,0.09039496607780456
106,0.0060635783961661485,0.012857137735188007,0.08466923794746399
107,0.005887908217263741,0.012798073494434356,0.08499171676635742
108,0.005776952954264108,0.01235178398564458,0.083442569565773
109,0.005694085915928333,0.012481699990481139,0.08272631611824036
110,0.005644015882399123,0.013300714081525803,0.08685245742797852
111,0.0056421396927377404,0.012174843459576368,0.08318791618347168
112,0.005533191791744354,0.01227982373535633,0.08319544641971588
113,0.005564483217171021,0.012091174918413163,0.08192846546173095
114,0.0056926524143663445,0.011910004268586636,0.08181190946102142
115,0.005504369672081193,0.012605691942572593,0.08404624819755555
116,0.005636996437694228,0.01258625696748495,0.08316546878814697
117,0.005372889131918036,0.011811140479147435,0.08098136537075043
118,0.005263964505585927,0.013059257878363132,0.08574929084777833
119,0.005395696329454926,0.012997951080650091,0.08618333823680878
120,0.005213237859629987,0.011842117140442133,0.08135569992065429
121,0.0052678608253120315,0.011991333131492138,0.08293076062202454
122,0.0052989506420434125,0.012727907903492451,0.08468371791839599
123,0.005203240296398915,0.013161056493222714,0.08729843516349793
124,0.005113138723455468,0.012890953467786312,0.08442751843929291
125,0.005128577533698645,0.0120349819496274,0.08229217505455017
126,0.005183386021663511,0.01206494142562151,0.08083769125938416
127,0.005202212333698022,0.0117260662086308,0.08124144740104676
128,0.004989109810140835,0.012349383588135242,0.08370863089561463
129,0.004935860468473137,0.012390186131000519,0.08313870561122895
130,0.00495905662930444,0.012053415998816491,0.0822883716583252
131,0.00483349434502238,0.012070405940711498,0.08221285243034362
132,0.004886312481434764,0.011123724292218685,0.0787918051481247
133,0.004885927913667199,0.011523346598446369,0.08078079218864441
134,0.00496302868044151,0.011911738221347333,0.08140454652309417
135,0.004726525341782668,0.011302371299266815,0.07813364162445069
136,0.004754318437224925,0.011591548550873994,0.08172243123054504
137,0.0048364629192169,0.011757276359200477,0.0817312392950058
138,0.004642076874977093,0.01189368562027812,0.08083195128440857
139,0.004875833817312664,0.011291189171373844,0.07897417826652527
140,0.004670251942960611,0.011939371353387832,0.08030067267417908
141,0.004728884542787493,0.011785002469271421,0.08157171473503112
142,0.004576064060410209,0.010843128468841313,0.07622195904254914
143,0.004845344877376791,0.011507927916198969,0.08029333662986755
144,0.004869050174490678,0.010734427489340306,0.07592826871871948
145,0.004535729081024343,0.01107557984367013,0.07886465661525727
146,0.004593893226869261,0.011139429530501366,0.07868316037654877
147,0.004563687517516692,0.010871428598463535,0.07758090412616729
148,0.004488264951926572,0.010507256158441305,0.07550519926548004
149,0.004536026191765367,0.014316580843925475,0.09315633037090301
150,0.004505782053850668,0.010749308060854673,0.07663128380775451
